"Year","stress.unadj","stress.rounded"
"2014",0.0413639770656212,0.041
"2015",0.0192408322127847,0.019
"2016",0.0310890705142602,0.031
"2017",8.17276102390912e-05,0
"2018",9.53670052316595e-05,0
