"Year","stress.unadj","stress.rounded"
"2014",0.146132989660301,0.146
"2015",0.162394038339394,0.162
"2016",0.116300529938317,0.116
"2017",0.114716190802847,0.115
"2018",NA,NA
