"Year","stress.unadj","stress.rounded"
"2014",0.0345427135684407,0.035
"2015",0.0641147102832576,0.064
"2016",0.0914485256392169,0.091
"2017",0.0844770967994278,0.084
"2018",NA,NA
