"Year","stress.unadj","stress.rounded"
"2014",0.0394513692086644,0.039
"2015",0.141885309041713,0.142
"2016",0.0905733480703671,0.091
"2017",0.0420573942620909,0.042
"2018",0.0756696120451855,0.076
