"Year","stress.unadj","stress.rounded"
"2014",0.024222223202187,0.024
"2015",0.0482745328815489,0.048
"2016",0.0669231621741623,0.067
"2017",0.077134894407317,0.077
"2018",0.123447639193533,0.123
