"Year","stress.unadj","stress.rounded"
"2014",0.0709848645309202,0.071
"2015",0.0790782358892604,0.079
"2016",0.127155794315722,0.127
"2017",0.12048313765501,0.12
"2018",NA,NA
