"Year","stress.unadj","stress.rounded"
"2014",0.0394513679970935,0.039
"2015",0.14188530903454,0.142
"2016",0.0905734384015707,0.091
"2017",0.0420573883510439,0.042
"2018",0.0756695461367389,0.076
