"Year","stress.unadj","stress.rounded"
"2014",0.0327077214363236,0.033
"2015",0.02864718759018,0.029
"2016",8.60704608369776e-05,0
"2017",0.0646025242224307,0.065
"2018",NA,NA
