"Year","stress.unadj","stress.rounded"
"2014",0.0345427138895445,0.035
"2015",0.06411460999315,0.064
"2016",0.0914485254568323,0.091
"2017",0.0844770967656227,0.084
"2018",NA,NA
