"Year","stress.unadj","stress.rounded"
"2014",0.034542713604032,0.035
"2015",0.0641146263719317,0.064
"2016",0.0914485255007885,0.091
"2017",0.0844770967658141,0.084
"2018",0.123578058820151,0.124
