"Year","stress.unadj","stress.rounded"
"2014",0.0242222615378273,0.024
"2015",0.0482745329323133,0.048
"2016",0.0669231621677484,0.067
"2017",0.0771348944039739,0.077
"2018",0.123447639194475,0.123
